Timestamp,District,Hour,DayOfWeek,Latency_ms,PacketLoss_Percent,Load_Mbps,Temperature_C,Status
2026-07-02 12:02:32,بعدان,12,3,52.75,1.76,69.55,30.9,طبيعي
2026-07-02 12:05:34,بعدان,12,3,57.09,0.25,100.05,31.1,طبيعي
2026-07-02 12:09:10,بعدان,12,3,43.8,2.23,199.13,26.8,طبيعي
2026-07-02 12:21:23,جبلة,12,3,79.2,0.94,78.47,25.7,طبيعي
2026-07-02 12:21:37,المركز,12,3,74.46,1.48,358.13,26.9,طبيعي
2026-07-02 12:46:09,النادرة,12,3,66.63,1.4,181.69,25.7,طبيعي
2026-07-02 13:30:38,السدة,13,3,46.07,0.63,137.05,27.6,طبيعي
2026-07-02 13:33:11,جبلة,13,3,27.13,0.29,214.03,25.5,طبيعي
2026-07-02 13:51:58,المركز,13,3,34.25,1.0,310.47,30.4,طبيعي
2026-07-02 13:53:43,النادرة,13,3,33.42,2.41,150.0,31.9,طبيعي
2026-07-02 14:45:49,النادرة,14,3,39.36,0.11,392.27,29.4,طبيعي
2026-07-02 15:07:49,العدين,15,3,53.23,2.42,397.54,25.6,طبيعي
2026-07-02 15:36:31,جبلة,15,3,37.67,2.49,108.18,26.7,طبيعي
2026-07-02 16:13:58,حبيش,16,3,22.73,0.7,254.51,32.2,طبيعي
2026-07-02 16:15:53,حبيش,16,3,36.64,0.47,209.48,30.0,طبيعي
2026-07-02 16:48:59,جبلة,16,3,35.96,0.9,185.89,26.8,طبيعي
2026-07-02 17:20:42,النادرة,17,3,52.17,0.77,395.17,30.6,طبيعي
2026-07-02 17:32:34,النادرة,17,3,27.99,0.19,260.97,27.2,طبيعي
2026-07-02 17:42:10,حبيش,17,3,56.8,1.05,382.43,30.8,طبيعي
2026-07-02 17:59:43,حبيش,17,3,21.58,0.94,353.12,25.4,طبيعي
2026-07-02 18:03:41,المركز,18,3,106.37,4.12,496.07,41.9,عطل
2026-07-02 18:27:02,المركز,18,3,138.68,3.14,593.98,40.4,عطل
2026-07-02 19:05:34,السدة,19,3,85.28,3.92,426.77,32.1,عطل
2026-07-02 19:43:38,العدين,19,3,118.88,4.19,599.94,42.0,عطل
2026-07-02 19:51:47,العدين,19,3,96.88,2.22,551.42,35.8,ازدحام
2026-07-02 20:09:40,المركز,20,3,33.72,1.68,383.92,29.8,طبيعي
2026-07-02 20:11:40,جبلة,20,3,60.29,1.3,175.36,25.9,طبيعي
2026-07-02 20:19:54,حبيش,20,3,68.98,2.42,340.98,27.5,طبيعي
2026-07-02 21:25:14,حبيش,21,3,28.04,0.07,356.83,28.2,طبيعي
2026-07-02 21:53:07,بعدان,21,3,68.3,2.26,324.63,30.1,طبيعي
2026-07-02 21:55:50,النادرة,21,3,58.2,1.39,393.16,29.9,طبيعي
2026-07-02 22:10:36,السدة,22,3,50.84,1.96,366.46,27.8,طبيعي
2026-07-02 22:39:33,النادرة,22,3,61.86,1.99,154.29,29.2,طبيعي
2026-07-02 23:21:08,جبلة,23,3,35.49,1.15,374.31,28.9,طبيعي
2026-07-02 23:56:37,جبلة,23,3,32.55,1.45,267.28,27.8,طبيعي
2026-07-03 00:51:07,السدة,0,4,27.68,0.38,76.55,26.0,طبيعي
2026-07-03 00:53:18,حبيش,0,4,61.79,1.03,294.18,26.4,طبيعي
2026-07-03 01:08:18,السدة,1,4,56.12,0.56,230.33,32.8,طبيعي
2026-07-03 01:35:46,العدين,1,4,30.62,0.22,109.13,27.2,طبيعي
2026-07-03 01:40:17,المركز,1,4,73.65,0.32,237.05,27.8,طبيعي
2026-07-03 01:41:14,جبلة,1,4,67.96,1.57,291.64,25.3,طبيعي
2026-07-03 01:56:44,بعدان,1,4,42.64,0.01,229.08,26.3,طبيعي
2026-07-03 02:29:29,النادرة,2,4,31.07,0.52,332.17,31.0,طبيعي
2026-07-03 02:41:32,بعدان,2,4,65.6,1.33,373.41,26.9,طبيعي
2026-07-03 03:04:01,جبلة,3,4,35.15,1.78,311.61,25.3,طبيعي
2026-07-03 03:35:54,بعدان,3,4,21.83,2.17,345.55,31.0,طبيعي
2026-07-03 03:39:44,حبيش,3,4,36.15,0.94,236.42,26.9,طبيعي
2026-07-03 03:40:46,جبلة,3,4,25.35,1.34,247.39,31.7,طبيعي
2026-07-03 04:06:15,المركز,4,4,60.75,1.97,361.68,29.7,طبيعي
2026-07-03 04:12:50,العدين,4,4,64.21,1.39,217.85,29.7,طبيعي
2026-07-03 04:19:19,المركز,4,4,40.25,2.25,247.56,28.0,طبيعي
2026-07-03 05:02:07,جبلة,5,4,39.82,2.33,135.52,29.0,طبيعي
2026-07-03 05:15:03,العدين,5,4,34.76,0.4,85.62,26.2,طبيعي
2026-07-03 05:23:21,السدة,5,4,23.34,2.11,80.76,31.4,طبيعي
2026-07-03 05:30:08,السدة,5,4,78.94,0.28,233.58,28.3,طبيعي
2026-07-03 05:30:09,جبلة,5,4,20.32,2.44,251.6,32.3,طبيعي
2026-07-03 05:33:56,حبيش,5,4,75.76,1.39,109.81,30.3,طبيعي
2026-07-03 05:38:37,جبلة,5,4,31.22,0.81,147.99,31.2,طبيعي
2026-07-03 05:54:58,السدة,5,4,51.79,1.77,119.83,30.9,طبيعي
2026-07-03 06:10:31,حبيش,6,4,29.26,1.2,151.02,29.6,طبيعي
2026-07-03 06:46:36,السدة,6,4,47.26,1.37,257.86,28.0,طبيعي
2026-07-03 06:49:10,جبلة,6,4,68.59,0.64,396.49,27.6,طبيعي
2026-07-03 06:52:03,العدين,6,4,48.39,1.52,50.95,25.9,طبيعي
2026-07-03 07:02:58,السدة,7,4,69.84,2.41,172.1,32.4,طبيعي
2026-07-03 07:31:14,حبيش,7,4,32.3,0.95,376.53,32.9,طبيعي
2026-07-03 07:40:06,المركز,7,4,70.51,0.35,309.39,29.6,طبيعي
2026-07-03 08:00:23,المركز,8,4,69.51,0.47,312.68,31.4,طبيعي
2026-07-03 08:17:29,السدة,8,4,41.53,2.19,282.82,29.2,طبيعي
2026-07-03 08:46:28,المركز,8,4,62.83,2.25,289.04,28.6,طبيعي
2026-07-03 09:07:44,العدين,9,4,50.16,0.58,155.48,31.0,طبيعي
2026-07-03 09:19:02,المركز,9,4,24.0,0.57,187.02,29.3,طبيعي
2026-07-03 10:02:37,بعدان,10,4,123.94,2.67,423.38,41.4,طبيعي
2026-07-03 10:13:48,النادرة,10,4,117.34,4.63,558.81,38.2,عطل
2026-07-03 10:17:52,النادرة,10,4,129.49,4.23,599.54,39.5,عطل
2026-07-03 10:45:37,المركز,10,4,133.37,4.57,406.71,37.7,عطل
2026-07-03 10:49:39,المركز,10,4,106.52,3.1,420.58,37.4,عطل
2026-07-03 11:08:02,النادرة,11,4,90.49,2.3,479.46,40.0,ازدحام
2026-07-03 11:19:15,النادرة,11,4,121.89,3.48,554.38,32.1,عطل
2026-07-03 11:33:01,جبلة,11,4,92.71,4.68,450.36,35.5,عطل
2026-07-03 12:11:03,حبيش,12,4,37.28,1.54,129.57,28.4,طبيعي
2026-07-03 12:19:15,جبلة,12,4,56.69,0.05,255.18,29.0,طبيعي
2026-07-03 13:09:07,النادرة,13,4,75.13,1.98,257.54,25.8,طبيعي
2026-07-03 13:18:51,العدين,13,4,54.58,1.52,297.53,26.2,طبيعي
2026-07-03 13:29:19,حبيش,13,4,70.43,2.28,77.06,25.8,طبيعي
2026-07-03 15:05:18,المركز,15,4,70.33,0.31,89.63,32.9,طبيعي
2026-07-03 15:57:18,المركز,15,4,33.64,1.52,166.25,27.5,طبيعي
2026-07-03 16:39:21,بعدان,16,4,68.17,0.01,69.17,27.7,طبيعي
2026-07-03 16:42:44,المركز,16,4,71.81,2.31,89.99,28.3,طبيعي
2026-07-03 16:50:13,بعدان,16,4,47.13,0.56,171.43,30.9,طبيعي
2026-07-03 17:05:33,النادرة,17,4,54.66,0.41,369.46,27.0,طبيعي
2026-07-03 17:06:35,العدين,17,4,54.84,1.58,370.2,27.9,طبيعي
2026-07-03 17:30:23,النادرة,17,4,78.53,1.15,124.44,29.1,طبيعي
2026-07-03 17:40:39,النادرة,17,4,79.81,1.26,195.12,25.7,طبيعي
2026-07-03 17:43:54,المركز,17,4,45.61,2.0,158.48,28.2,طبيعي
2026-07-03 17:49:21,حبيش,17,4,22.19,1.18,121.8,26.5,طبيعي
2026-07-03 17:52:31,السدة,17,4,47.2,1.31,73.0,31.2,طبيعي
2026-07-03 17:59:30,النادرة,17,4,65.92,0.26,218.38,29.0,طبيعي
2026-07-03 18:30:30,العدين,18,4,99.06,4.64,415.1,39.5,عطل
2026-07-03 18:48:35,جبلة,18,4,90.93,4.01,481.75,32.3,عطل
2026-07-03 19:00:35,العدين,19,4,97.77,2.19,481.6,37.5,ازدحام
2026-07-03 19:16:17,بعدان,19,4,135.99,2.12,403.94,33.0,طبيعي
2026-07-03 19:34:24,المركز,19,4,136.37,4.96,511.34,39.2,عطل
2026-07-03 19:57:59,حبيش,19,4,126.77,2.22,566.04,36.0,ازدحام
2026-07-03 20:01:38,بعدان,20,4,57.99,1.84,163.4,25.7,طبيعي
2026-07-03 20:08:54,العدين,20,4,54.98,1.05,59.29,26.5,طبيعي
2026-07-03 20:15:17,جبلة,20,4,40.15,2.06,368.72,30.0,طبيعي
2026-07-03 20:20:59,السدة,20,4,57.45,1.02,256.6,27.1,طبيعي
2026-07-03 20:21:03,حبيش,20,4,33.17,2.44,176.97,31.9,طبيعي
2026-07-03 20:37:14,النادرة,20,4,49.25,2.24,99.04,31.9,طبيعي
2026-07-03 20:54:15,المركز,20,4,64.5,1.75,219.67,29.1,طبيعي
2026-07-03 21:07:21,المركز,21,4,70.1,2.46,140.26,26.1,طبيعي
2026-07-03 21:09:39,جبلة,21,4,60.99,2.06,365.2,30.5,طبيعي
2026-07-03 21:14:52,العدين,21,4,24.03,1.01,335.27,29.0,طبيعي
2026-07-03 21:42:09,حبيش,21,4,20.66,0.34,340.41,26.7,طبيعي
2026-07-03 21:43:26,المركز,21,4,35.04,1.58,143.27,30.9,طبيعي
2026-07-03 22:09:00,العدين,22,4,45.13,0.96,111.38,32.3,طبيعي
2026-07-03 22:47:11,جبلة,22,4,77.52,0.46,197.71,27.8,طبيعي
2026-07-03 22:54:34,العدين,22,4,43.36,0.72,261.1,27.0,طبيعي
2026-07-03 23:09:55,النادرة,23,4,53.98,1.19,301.67,27.4,طبيعي
2026-07-03 23:21:04,بعدان,23,4,49.03,0.67,383.93,26.1,طبيعي
2026-07-03 23:44:16,بعدان,23,4,23.09,1.24,141.79,29.8,طبيعي
2026-07-03 23:46:07,العدين,23,4,48.45,0.86,104.14,30.0,طبيعي
2026-07-03 23:53:35,المركز,23,4,55.9,1.15,194.48,30.6,طبيعي
2026-07-04 00:15:55,السدة,0,5,61.68,0.68,336.69,31.4,طبيعي
2026-07-04 00:24:10,جبلة,0,5,68.45,2.41,86.08,27.5,طبيعي
2026-07-04 00:26:06,المركز,0,5,31.11,1.35,382.58,28.6,طبيعي
2026-07-04 00:34:58,السدة,0,5,59.53,1.73,306.28,31.5,طبيعي
2026-07-04 00:36:31,حبيش,0,5,58.8,1.73,393.2,32.2,طبيعي
2026-07-04 00:38:36,المركز,0,5,62.33,2.31,380.42,25.3,طبيعي
2026-07-04 01:06:53,بعدان,1,5,38.77,0.3,244.53,28.8,طبيعي
2026-07-04 01:23:40,بعدان,1,5,78.26,2.36,154.07,32.4,طبيعي
2026-07-04 01:32:11,جبلة,1,5,47.31,1.31,310.77,25.4,طبيعي
2026-07-04 01:54:25,بعدان,1,5,33.8,0.3,62.95,29.8,طبيعي
2026-07-04 01:58:10,جبلة,1,5,46.46,1.01,359.75,29.2,طبيعي
2026-07-04 02:34:07,بعدان,2,5,67.44,0.8,160.35,29.3,طبيعي
2026-07-04 02:49:26,جبلة,2,5,72.6,1.04,232.06,28.4,طبيعي
2026-07-04 03:20:39,السدة,3,5,72.48,1.32,354.53,25.2,طبيعي
2026-07-04 04:12:06,السدة,4,5,23.16,0.22,74.51,25.1,طبيعي
2026-07-04 04:16:41,حبيش,4,5,72.42,2.46,217.96,30.0,طبيعي
2026-07-04 04:40:26,جبلة,4,5,51.35,1.83,82.09,27.7,طبيعي
2026-07-04 04:46:26,المركز,4,5,37.23,0.74,88.67,27.8,طبيعي
2026-07-04 04:59:05,حبيش,4,5,74.62,0.11,256.19,27.2,طبيعي
2026-07-04 05:08:13,بعدان,5,5,33.1,2.37,184.51,30.4,طبيعي
2026-07-04 05:25:19,العدين,5,5,78.94,2.21,140.64,29.7,طبيعي
2026-07-04 05:38:20,السدة,5,5,64.6,0.16,366.3,32.9,طبيعي
2026-07-04 05:43:09,النادرة,5,5,69.84,0.3,343.24,26.8,طبيعي
2026-07-04 06:46:53,السدة,6,5,31.19,1.95,111.78,26.8,طبيعي
2026-07-04 06:54:07,حبيش,6,5,32.98,1.3,330.27,30.0,طبيعي
2026-07-04 07:13:41,النادرة,7,5,43.77,1.9,398.22,26.4,طبيعي
2026-07-04 07:21:46,حبيش,7,5,47.8,1.56,398.72,32.2,طبيعي
2026-07-04 07:44:39,العدين,7,5,54.81,0.23,237.94,29.7,طبيعي
2026-07-04 09:03:02,المركز,9,5,48.6,0.11,186.91,27.2,طبيعي
2026-07-04 09:18:41,جبلة,9,5,59.31,1.38,351.74,31.5,طبيعي
2026-07-04 09:42:43,السدة,9,5,20.3,1.74,148.49,27.0,طبيعي
2026-07-04 10:58:32,جبلة,10,5,87.66,4.63,506.52,41.6,عطل
2026-07-04 10:58:39,العدين,10,5,113.64,3.57,570.24,37.0,عطل
2026-07-04 10:59:33,جبلة,10,5,118.06,4.53,514.26,38.6,عطل
2026-07-04 11:54:46,المركز,11,5,126.09,4.48,575.73,40.0,عطل
2026-07-04 12:09:32,السدة,12,5,34.32,2.33,106.14,27.7,طبيعي
2026-07-04 12:18:18,النادرة,12,5,29.52,2.2,266.51,31.0,طبيعي
2026-07-04 12:28:50,جبلة,12,5,20.31,2.05,212.91,32.0,طبيعي
2026-07-04 12:37:52,العدين,12,5,69.08,2.08,310.23,26.3,طبيعي
2026-07-04 12:41:54,العدين,12,5,25.05,0.82,140.54,26.5,طبيعي
2026-07-04 12:45:57,المركز,12,5,58.04,1.35,271.13,27.1,طبيعي
2026-07-04 12:47:15,السدة,12,5,21.11,1.08,94.96,27.3,طبيعي
2026-07-04 14:05:45,جبلة,14,5,75.92,0.26,169.66,30.1,طبيعي
2026-07-04 14:16:57,النادرة,14,5,76.84,0.42,110.81,31.2,طبيعي
2026-07-04 14:22:27,النادرة,14,5,40.75,1.55,73.57,29.7,طبيعي
2026-07-04 14:22:41,السدة,14,5,60.56,1.11,348.35,32.9,طبيعي
2026-07-04 14:28:26,السدة,14,5,21.48,0.06,95.53,31.1,طبيعي
2026-07-04 14:34:22,حبيش,14,5,35.15,0.0,180.14,31.6,طبيعي
2026-07-04 14:43:43,جبلة,14,5,45.57,1.13,145.77,33.0,طبيعي
2026-07-04 14:57:04,بعدان,14,5,37.9,2.1,234.46,31.6,طبيعي
2026-07-04 15:21:51,بعدان,15,5,36.4,2.38,288.17,30.2,طبيعي
2026-07-04 15:40:34,النادرة,15,5,74.57,2.14,60.96,30.9,طبيعي
2026-07-04 15:51:30,النادرة,15,5,79.04,1.02,189.16,27.2,طبيعي
2026-07-04 16:21:55,النادرة,16,5,32.02,2.17,303.55,31.0,طبيعي
2026-07-04 16:23:38,النادرة,16,5,52.59,0.4,246.96,28.8,طبيعي
2026-07-04 16:25:58,المركز,16,5,66.26,2.11,354.02,31.2,طبيعي
2026-07-04 16:34:05,النادرة,16,5,37.65,2.28,56.25,31.4,طبيعي
2026-07-04 16:43:09,جبلة,16,5,48.89,0.29,265.83,31.4,طبيعي
2026-07-04 16:52:38,المركز,16,5,53.5,0.56,262.56,27.0,طبيعي
2026-07-04 17:24:47,النادرة,17,5,36.14,1.99,72.47,29.7,طبيعي
2026-07-04 17:51:05,السدة,17,5,47.88,1.7,394.52,26.2,طبيعي
2026-07-04 17:54:12,جبلة,17,5,37.5,1.74,217.98,29.8,طبيعي
2026-07-04 18:04:35,المركز,18,5,130.7,4.12,590.53,41.1,عطل
2026-07-04 18:10:58,المركز,18,5,89.97,3.25,448.41,41.9,عطل
2026-07-04 18:19:29,حبيش,18,5,134.31,4.79,442.07,35.5,عطل
2026-07-04 18:32:04,المركز,18,5,104.54,1.62,503.54,32.9,طبيعي
2026-07-04 18:51:58,النادرة,18,5,148.42,2.2,471.56,35.2,ازدحام
2026-07-04 19:15:47,جبلة,19,5,91.72,1.87,560.12,34.0,طبيعي
2026-07-04 19:26:06,السدة,19,5,121.63,3.66,424.84,41.0,عطل
2026-07-04 19:52:24,بعدان,19,5,140.97,4.0,508.26,39.1,عطل
2026-07-04 20:12:04,حبيش,20,5,49.06,1.65,324.2,29.9,طبيعي
2026-07-04 20:59:12,النادرة,20,5,48.85,0.1,259.12,31.3,طبيعي
2026-07-04 21:05:44,النادرة,21,5,23.62,0.62,306.06,25.7,طبيعي
2026-07-04 22:04:53,العدين,22,5,39.74,1.18,217.75,29.9,طبيعي
2026-07-04 22:41:43,العدين,22,5,59.52,1.25,113.74,31.3,طبيعي
2026-07-04 22:44:19,جبلة,22,5,39.94,1.36,57.3,30.2,طبيعي
2026-07-04 22:46:06,السدة,22,5,60.81,0.18,277.61,26.6,طبيعي
2026-07-04 22:55:18,بعدان,22,5,30.45,2.4,121.25,31.7,طبيعي
2026-07-04 23:50:09,جبلة,23,5,40.76,0.93,309.95,28.4,طبيعي
2026-07-05 00:04:12,النادرة,0,6,50.84,1.47,226.7,29.3,طبيعي
2026-07-05 00:20:46,جبلة,0,6,72.41,2.25,303.84,28.9,طبيعي
2026-07-05 00:23:59,حبيش,0,6,37.03,0.9,279.25,32.9,طبيعي
2026-07-05 00:24:27,السدة,0,6,63.99,0.33,268.04,30.1,طبيعي
2026-07-05 00:36:07,النادرة,0,6,34.25,2.43,368.16,26.4,طبيعي
2026-07-05 00:37:47,بعدان,0,6,46.23,0.24,194.56,25.6,طبيعي
2026-07-05 01:09:09,العدين,1,6,41.55,1.48,205.86,29.1,طبيعي
2026-07-05 01:14:08,حبيش,1,6,43.94,2.14,278.24,27.5,طبيعي
2026-07-05 01:27:55,العدين,1,6,27.85,2.42,163.82,31.2,طبيعي
2026-07-05 01:49:24,بعدان,1,6,46.52,0.83,132.14,32.1,طبيعي
2026-07-05 02:09:50,العدين,2,6,45.85,0.62,167.95,31.6,طبيعي
2026-07-05 02:33:00,السدة,2,6,41.56,0.95,382.0,27.0,طبيعي
2026-07-05 02:44:19,السدة,2,6,48.48,2.11,307.74,30.3,طبيعي
2026-07-05 03:11:52,النادرة,3,6,53.49,1.35,206.23,31.9,طبيعي
2026-07-05 04:12:04,النادرة,4,6,51.87,2.34,144.41,25.5,طبيعي
2026-07-05 04:34:10,العدين,4,6,30.8,0.22,274.0,26.8,طبيعي
2026-07-05 04:37:25,المركز,4,6,28.9,2.47,227.53,25.3,طبيعي
2026-07-05 04:44:39,السدة,4,6,58.35,2.17,51.73,32.6,طبيعي
2026-07-05 04:57:47,بعدان,4,6,40.56,1.33,138.98,29.2,طبيعي
2026-07-05 05:13:52,بعدان,5,6,62.28,0.5,60.49,27.5,طبيعي
2026-07-05 05:48:32,بعدان,5,6,63.85,0.39,106.83,26.5,طبيعي
2026-07-05 05:53:34,حبيش,5,6,61.56,2.1,353.85,26.4,طبيعي
2026-07-05 08:19:53,جبلة,8,6,34.65,2.08,181.0,25.1,طبيعي
2026-07-05 09:05:34,بعدان,9,6,75.86,1.72,249.71,25.2,طبيعي
2026-07-05 09:06:15,المركز,9,6,69.61,1.67,260.21,32.5,طبيعي
2026-07-05 09:14:38,المركز,9,6,79.96,0.12,87.31,30.3,طبيعي
2026-07-05 09:27:27,المركز,9,6,65.15,0.23,353.25,32.9,طبيعي
2026-07-05 09:41:41,بعدان,9,6,44.25,0.82,308.46,32.0,طبيعي
2026-07-05 09:49:22,حبيش,9,6,72.67,0.79,203.36,32.2,طبيعي
2026-07-05 10:29:51,العدين,10,6,118.11,1.52,563.57,33.2,طبيعي
2026-07-05 10:32:50,بعدان,10,6,119.44,2.83,526.04,38.1,ازدحام
2026-07-05 10:35:23,العدين,10,6,106.13,2.3,489.74,34.4,طبيعي
2026-07-05 10:45:09,جبلة,10,6,124.98,4.16,517.41,33.7,عطل
2026-07-05 11:07:58,المركز,11,6,116.34,3.18,475.96,40.6,عطل
2026-07-05 11:14:21,العدين,11,6,90.43,3.34,562.75,33.1,عطل
2026-07-05 12:20:43,بعدان,12,6,65.89,2.03,236.76,29.9,طبيعي
2026-07-05 12:43:15,جبلة,12,6,69.34,1.08,300.42,29.2,طبيعي
2026-07-05 12:46:35,بعدان,12,6,59.28,0.95,74.95,32.6,طبيعي
2026-07-05 13:00:00,النادرة,13,6,26.09,1.21,377.05,27.8,طبيعي
2026-07-05 13:42:56,العدين,13,6,68.18,1.35,149.71,27.5,طبيعي
2026-07-05 13:45:29,جبلة,13,6,36.36,1.03,263.62,30.7,طبيعي
2026-07-05 13:54:42,المركز,13,6,71.56,2.0,232.87,26.0,طبيعي
2026-07-05 14:06:59,بعدان,14,6,54.04,0.64,298.17,25.9,طبيعي
2026-07-05 14:07:07,النادرة,14,6,68.94,0.93,198.58,25.7,طبيعي
2026-07-05 14:30:19,العدين,14,6,56.1,2.05,271.6,32.6,طبيعي
2026-07-05 14:45:19,حبيش,14,6,58.8,0.44,257.74,31.3,طبيعي
2026-07-05 14:47:30,المركز,14,6,41.21,0.59,343.95,32.2,طبيعي
2026-07-05 15:06:32,العدين,15,6,71.07,1.68,155.72,30.9,طبيعي
2026-07-05 15:08:40,المركز,15,6,47.11,1.47,83.44,30.0,طبيعي
2026-07-05 15:08:58,بعدان,15,6,48.37,1.34,132.33,32.0,طبيعي
2026-07-05 15:13:41,حبيش,15,6,56.43,1.37,58.27,30.1,طبيعي
2026-07-05 15:26:52,جبلة,15,6,23.51,0.35,139.91,30.1,طبيعي
2026-07-05 16:30:50,السدة,16,6,46.56,1.11,258.97,30.4,طبيعي
2026-07-05 17:34:17,المركز,17,6,27.7,0.26,292.35,32.9,طبيعي
2026-07-05 18:21:29,جبلة,18,6,134.08,2.43,467.45,41.1,ازدحام
2026-07-05 18:21:44,العدين,18,6,102.64,2.29,578.84,33.9,طبيعي
2026-07-05 19:18:52,المركز,19,6,138.23,3.84,523.43,36.4,عطل
2026-07-05 19:27:53,النادرة,19,6,141.61,3.78,446.74,37.4,عطل
2026-07-05 19:31:21,حبيش,19,6,93.32,1.68,446.17,36.6,طبيعي
2026-07-05 19:36:59,النادرة,19,6,131.15,3.13,532.37,37.6,عطل
2026-07-05 20:21:22,حبيش,20,6,30.52,1.73,246.8,32.7,طبيعي
2026-07-05 20:36:13,المركز,20,6,45.36,2.05,109.67,28.3,طبيعي
2026-07-05 22:07:19,النادرة,22,6,67.73,2.32,171.65,30.3,طبيعي
2026-07-05 22:28:51,العدين,22,6,21.2,1.84,91.94,32.8,طبيعي
2026-07-05 22:48:07,النادرة,22,6,25.58,0.64,135.28,30.4,طبيعي
2026-07-05 23:02:11,بعدان,23,6,50.41,0.4,352.64,29.9,طبيعي
2026-07-05 23:23:21,العدين,23,6,35.79,0.9,62.66,27.4,طبيعي
2026-07-05 23:43:22,العدين,23,6,50.58,2.06,171.21,26.9,طبيعي
2026-07-06 00:08:31,حبيش,0,0,50.94,2.3,206.52,29.8,طبيعي
2026-07-06 00:15:46,السدة,0,0,43.46,1.25,251.11,29.5,طبيعي
2026-07-06 00:30:38,المركز,0,0,42.84,2.19,90.73,31.5,طبيعي
2026-07-06 01:04:30,حبيش,1,0,32.72,2.05,302.5,26.1,طبيعي
2026-07-06 01:53:58,بعدان,1,0,61.7,0.87,191.04,26.4,طبيعي
2026-07-06 01:58:55,النادرة,1,0,54.51,1.2,250.56,32.5,طبيعي
2026-07-06 02:42:40,المركز,2,0,56.38,1.91,372.97,28.9,طبيعي
2026-07-06 02:47:02,العدين,2,0,69.51,1.67,161.14,32.6,طبيعي
2026-07-06 03:31:47,جبلة,3,0,28.11,2.41,73.86,25.2,طبيعي
2026-07-06 03:41:17,النادرة,3,0,55.66,2.34,321.85,26.0,طبيعي
2026-07-06 03:46:40,النادرة,3,0,58.45,0.54,203.83,25.8,طبيعي
2026-07-06 03:51:53,حبيش,3,0,43.19,1.41,260.89,27.9,طبيعي
2026-07-06 04:27:47,جبلة,4,0,79.69,0.14,210.93,25.5,طبيعي
2026-07-06 04:39:22,بعدان,4,0,28.53,0.3,394.29,26.9,طبيعي
2026-07-06 04:53:13,حبيش,4,0,61.5,1.55,142.89,26.4,طبيعي
2026-07-06 05:27:30,النادرة,5,0,56.91,0.77,398.84,31.5,طبيعي
2026-07-06 05:37:15,النادرة,5,0,63.46,1.98,279.5,31.8,طبيعي
2026-07-06 06:05:52,بعدان,6,0,42.07,1.04,207.42,26.6,طبيعي
2026-07-06 06:37:10,حبيش,6,0,77.83,0.62,111.91,28.1,طبيعي
2026-07-06 06:44:08,حبيش,6,0,35.59,1.9,218.47,25.2,طبيعي
2026-07-06 07:15:19,جبلة,7,0,39.41,2.09,116.39,30.0,طبيعي
2026-07-06 07:21:16,العدين,7,0,77.57,1.22,391.56,31.4,طبيعي
2026-07-06 08:29:17,السدة,8,0,49.96,0.67,143.05,30.2,طبيعي
2026-07-06 08:59:40,العدين,8,0,39.48,1.84,220.88,26.2,طبيعي
2026-07-06 09:59:40,السدة,9,0,47.57,1.96,181.56,28.2,طبيعي
2026-07-06 11:02:57,العدين,11,0,126.11,4.8,426.63,33.0,عطل
2026-07-06 11:45:32,جبلة,11,0,138.86,1.63,487.52,34.5,طبيعي
2026-07-06 12:10:34,النادرة,12,0,49.73,0.97,323.41,31.6,طبيعي
2026-07-06 12:19:00,حبيش,12,0,24.0,1.3,272.83,29.9,طبيعي
2026-07-06 12:22:15,السدة,12,0,46.6,0.12,86.99,32.9,طبيعي
2026-07-06 12:38:08,المركز,12,0,68.13,0.26,311.17,30.3,طبيعي
2026-07-06 12:49:22,المركز,12,0,41.2,0.74,384.78,30.9,طبيعي
2026-07-06 13:05:11,السدة,13,0,67.03,0.89,389.76,32.5,طبيعي
2026-07-06 13:20:34,جبلة,13,0,65.86,0.66,84.44,30.3,طبيعي
2026-07-06 13:26:54,حبيش,13,0,73.93,1.96,78.92,29.1,طبيعي
2026-07-06 13:31:47,المركز,13,0,20.63,0.64,391.6,30.3,طبيعي
2026-07-06 14:00:11,النادرة,14,0,51.82,0.1,321.12,30.2,طبيعي
2026-07-06 14:01:35,جبلة,14,0,48.46,0.28,162.78,26.0,طبيعي
2026-07-06 14:03:57,العدين,14,0,68.71,1.64,253.85,31.0,طبيعي
2026-07-06 14:23:05,السدة,14,0,55.91,0.24,65.31,25.9,طبيعي
2026-07-06 14:31:52,السدة,14,0,29.82,0.68,242.53,28.1,طبيعي
2026-07-06 14:53:48,النادرة,14,0,73.22,1.61,92.53,26.6,طبيعي
2026-07-06 15:15:15,السدة,15,0,72.76,0.65,285.01,27.5,طبيعي
2026-07-06 15:19:03,بعدان,15,0,47.63,2.1,138.28,31.0,طبيعي
2026-07-06 16:52:01,حبيش,16,0,30.65,1.36,321.76,30.2,طبيعي
2026-07-06 16:52:34,السدة,16,0,63.68,0.27,144.27,29.3,طبيعي
2026-07-06 16:52:53,العدين,16,0,32.81,1.26,304.09,31.5,طبيعي
2026-07-06 17:00:09,النادرة,17,0,55.42,1.27,306.48,29.3,طبيعي
2026-07-06 17:22:17,بعدان,17,0,25.63,1.44,87.08,26.2,طبيعي
2026-07-06 17:35:35,المركز,17,0,47.69,0.02,316.39,26.3,طبيعي
2026-07-06 17:54:42,المركز,17,0,36.67,0.48,309.6,32.1,طبيعي
2026-07-06 18:24:12,جبلة,18,0,131.96,4.35,531.51,35.1,عطل
2026-07-06 18:40:53,السدة,18,0,134.87,3.44,437.6,35.6,عطل
2026-07-06 19:01:39,حبيش,19,0,138.29,1.54,569.61,40.4,ازدحام
2026-07-06 19:01:55,المركز,19,0,102.89,2.02,591.61,35.7,ازدحام
2026-07-06 19:19:48,بعدان,19,0,88.73,2.85,494.06,37.0,ازدحام
2026-07-06 19:19:53,النادرة,19,0,121.51,2.87,544.41,40.9,ازدحام
2026-07-06 19:25:20,العدين,19,0,82.03,2.08,400.38,33.8,طبيعي
2026-07-06 19:36:36,النادرة,19,0,121.17,3.18,558.84,32.9,عطل
2026-07-06 19:55:19,حبيش,19,0,95.78,3.96,544.68,33.0,عطل
2026-07-06 19:56:19,حبيش,19,0,122.15,1.58,497.32,38.0,ازدحام
2026-07-06 20:11:35,السدة,20,0,23.51,0.84,224.39,25.6,طبيعي
2026-07-06 20:22:43,حبيش,20,0,69.51,1.3,393.69,26.7,طبيعي
2026-07-06 20:22:59,العدين,20,0,46.04,0.22,101.61,27.6,طبيعي
2026-07-06 20:47:52,النادرة,20,0,66.0,1.83,71.89,31.4,طبيعي
2026-07-06 20:48:05,حبيش,20,0,58.17,1.96,274.9,28.4,طبيعي
2026-07-06 21:05:33,السدة,21,0,64.83,1.85,290.07,32.9,طبيعي
2026-07-06 22:06:04,جبلة,22,0,41.73,0.84,255.72,26.5,طبيعي
2026-07-06 22:24:20,العدين,22,0,55.19,1.74,295.09,29.7,طبيعي
2026-07-06 22:49:04,السدة,22,0,35.56,1.07,154.55,32.5,طبيعي
2026-07-06 23:04:58,السدة,23,0,48.85,1.09,181.92,28.7,طبيعي
2026-07-06 23:34:00,العدين,23,0,22.99,2.26,297.11,30.0,طبيعي
2026-07-07 00:24:45,السدة,0,1,65.93,0.4,202.9,30.8,طبيعي
2026-07-07 00:42:33,النادرة,0,1,75.36,1.18,95.97,28.2,طبيعي
2026-07-07 00:47:29,العدين,0,1,36.93,0.65,74.14,25.5,طبيعي
2026-07-07 01:45:10,السدة,1,1,78.49,0.93,146.46,31.3,طبيعي
2026-07-07 02:06:34,بعدان,2,1,23.92,1.22,207.41,31.2,طبيعي
2026-07-07 02:23:12,السدة,2,1,28.35,1.33,71.93,32.3,طبيعي
2026-07-07 02:30:56,المركز,2,1,34.21,1.83,320.15,25.7,طبيعي
2026-07-07 02:52:59,السدة,2,1,76.21,0.13,387.19,29.5,طبيعي
2026-07-07 03:06:13,النادرة,3,1,49.67,2.45,325.7,30.0,طبيعي
2026-07-07 04:11:42,العدين,4,1,53.92,1.16,278.96,26.6,طبيعي
2026-07-07 04:13:19,المركز,4,1,30.98,0.06,381.46,32.7,طبيعي
2026-07-07 04:50:06,العدين,4,1,71.04,1.4,128.86,27.0,طبيعي
2026-07-07 05:07:58,المركز,5,1,44.24,1.36,393.18,26.8,طبيعي
2026-07-07 05:30:40,بعدان,5,1,24.9,1.15,297.74,29.3,طبيعي
2026-07-07 05:40:10,المركز,5,1,59.85,0.54,200.02,26.1,طبيعي
2026-07-07 06:24:11,جبلة,6,1,59.06,1.36,211.8,28.3,طبيعي
2026-07-07 06:34:35,بعدان,6,1,47.55,0.13,229.38,31.5,طبيعي
2026-07-07 06:39:58,بعدان,6,1,72.33,1.36,224.04,27.7,طبيعي
2026-07-07 07:02:43,النادرة,7,1,32.29,2.19,314.86,29.2,طبيعي
2026-07-07 07:06:36,حبيش,7,1,76.8,1.4,106.57,27.0,طبيعي
2026-07-07 07:28:03,النادرة,7,1,23.91,1.16,320.2,25.2,طبيعي
2026-07-07 08:26:32,النادرة,8,1,26.33,1.64,238.55,29.0,طبيعي
2026-07-07 08:36:38,المركز,8,1,46.46,0.49,189.08,25.7,طبيعي
2026-07-07 09:26:46,النادرة,9,1,67.57,1.44,233.17,27.3,طبيعي
2026-07-07 09:29:38,العدين,9,1,31.75,2.24,159.32,30.1,طبيعي
2026-07-07 11:12:02,جبلة,11,1,135.53,2.61,431.59,39.0,طبيعي
2026-07-07 11:19:58,السدة,11,1,91.82,3.27,472.62,41.0,عطل
2026-07-07 11:37:37,النادرة,11,1,142.58,3.79,440.4,33.8,عطل
2026-07-07 13:02:15,السدة,13,1,78.07,2.14,159.61,31.4,طبيعي
2026-07-07 13:07:04,المركز,13,1,78.03,1.04,331.26,29.0,طبيعي
2026-07-07 13:10:57,بعدان,13,1,39.38,2.49,92.85,30.8,طبيعي
2026-07-07 13:18:33,جبلة,13,1,20.76,1.4,199.62,26.3,طبيعي
2026-07-07 13:24:35,المركز,13,1,32.59,0.95,60.28,31.6,طبيعي
2026-07-07 14:06:19,السدة,14,1,69.14,1.35,115.59,31.9,طبيعي
2026-07-07 14:16:28,السدة,14,1,74.08,1.63,315.85,32.9,طبيعي
2026-07-07 14:38:12,المركز,14,1,69.69,0.84,175.23,29.0,طبيعي
2026-07-07 14:53:04,جبلة,14,1,25.23,1.8,135.52,25.9,طبيعي
2026-07-07 15:15:21,السدة,15,1,47.02,1.87,99.69,27.8,طبيعي
2026-07-07 15:33:59,المركز,15,1,64.28,2.02,202.43,29.6,طبيعي
2026-07-07 15:34:43,حبيش,15,1,27.58,1.69,392.69,30.1,طبيعي
2026-07-07 15:57:45,جبلة,15,1,60.9,0.42,160.22,25.0,طبيعي
2026-07-07 16:04:38,النادرة,16,1,36.76,1.61,129.51,31.7,طبيعي
2026-07-07 16:35:52,النادرة,16,1,41.62,0.17,353.24,26.7,طبيعي
2026-07-07 16:54:09,المركز,16,1,76.3,2.18,156.38,30.2,طبيعي
2026-07-07 17:23:40,بعدان,17,1,73.93,1.63,332.59,25.5,طبيعي
2026-07-07 17:27:14,حبيش,17,1,26.66,1.12,284.76,29.5,طبيعي
2026-07-07 17:31:12,حبيش,17,1,27.73,1.03,129.36,28.1,طبيعي
2026-07-07 17:31:28,بعدان,17,1,22.52,1.85,88.75,28.4,طبيعي
2026-07-07 17:51:31,جبلة,17,1,62.46,2.43,388.19,26.0,طبيعي
2026-07-07 17:54:11,السدة,17,1,21.08,2.41,313.89,31.4,طبيعي
2026-07-07 18:03:54,بعدان,18,1,117.29,3.72,511.84,38.3,عطل
2026-07-07 18:52:14,النادرة,18,1,117.85,1.84,422.52,39.0,طبيعي
2026-07-07 18:57:36,حبيش,18,1,99.87,4.39,409.22,37.7,عطل
2026-07-07 19:07:00,العدين,19,1,132.02,1.67,459.45,35.0,طبيعي
2026-07-07 19:19:22,النادرة,19,1,103.13,2.69,575.45,40.8,ازدحام
2026-07-07 19:22:06,بعدان,19,1,138.67,2.5,525.24,37.3,ازدحام
2026-07-07 19:49:37,النادرة,19,1,139.9,3.33,516.56,42.0,عطل
2026-07-07 20:43:55,العدين,20,1,49.3,1.84,138.31,26.8,طبيعي
2026-07-07 20:55:55,المركز,20,1,69.76,2.2,368.37,30.4,طبيعي
2026-07-07 20:56:05,المركز,20,1,24.93,2.28,58.8,30.6,طبيعي
2026-07-07 20:57:23,حبيش,20,1,73.55,1.11,320.86,29.8,طبيعي
2026-07-07 21:02:44,العدين,21,1,62.16,0.59,270.96,29.7,طبيعي
2026-07-07 21:57:50,بعدان,21,1,67.21,2.43,96.09,26.9,طبيعي
2026-07-07 22:30:08,النادرة,22,1,64.62,1.27,382.69,29.8,طبيعي
2026-07-07 22:40:08,بعدان,22,1,20.18,0.1,192.44,32.1,طبيعي
2026-07-07 22:42:17,حبيش,22,1,36.61,2.43,65.98,26.1,طبيعي
2026-07-07 23:25:36,العدين,23,1,48.18,1.12,215.54,30.0,طبيعي
2026-07-07 23:46:18,النادرة,23,1,20.33,0.02,122.45,29.1,طبيعي
2026-07-08 00:35:30,حبيش,0,2,37.09,1.16,341.66,31.8,طبيعي
2026-07-08 00:45:54,العدين,0,2,37.61,2.33,250.22,29.1,طبيعي
2026-07-08 00:47:17,المركز,0,2,69.09,1.33,335.84,27.3,طبيعي
2026-07-08 00:47:24,السدة,0,2,49.61,1.76,227.59,32.0,طبيعي
2026-07-08 01:19:33,السدة,1,2,29.91,0.97,207.71,32.4,طبيعي
2026-07-08 01:46:22,السدة,1,2,62.84,1.52,193.86,32.3,طبيعي
2026-07-08 01:57:26,المركز,1,2,69.27,0.0,338.33,32.6,طبيعي
2026-07-08 02:18:35,السدة,2,2,69.78,0.1,50.74,30.7,طبيعي
2026-07-08 02:46:02,النادرة,2,2,43.03,1.14,290.31,25.9,طبيعي
2026-07-08 03:12:55,جبلة,3,2,52.98,2.25,82.3,29.8,طبيعي
2026-07-08 03:14:13,النادرة,3,2,76.5,1.67,78.06,27.8,طبيعي
2026-07-08 03:39:15,المركز,3,2,55.92,1.26,276.26,32.1,طبيعي
2026-07-08 03:41:57,السدة,3,2,72.42,1.81,369.65,29.9,طبيعي
2026-07-08 05:00:55,السدة,5,2,69.74,2.48,309.34,29.2,طبيعي
2026-07-08 05:49:06,جبلة,5,2,37.7,1.22,54.1,28.4,طبيعي
2026-07-08 05:52:09,العدين,5,2,68.48,0.54,189.78,32.3,طبيعي
2026-07-08 06:00:05,المركز,6,2,70.74,1.73,305.21,30.2,طبيعي
2026-07-08 06:11:09,جبلة,6,2,52.55,2.15,191.36,25.6,طبيعي
2026-07-08 06:13:31,حبيش,6,2,69.35,2.14,206.25,31.4,طبيعي
2026-07-08 06:27:20,بعدان,6,2,73.38,0.03,315.77,25.8,طبيعي
2026-07-08 07:31:22,السدة,7,2,61.3,0.94,260.38,30.6,طبيعي
2026-07-08 09:30:36,النادرة,9,2,73.41,0.86,200.69,26.1,طبيعي
2026-07-08 09:47:16,النادرة,9,2,42.73,0.02,168.92,29.1,طبيعي
2026-07-08 09:57:21,بعدان,9,2,38.67,1.69,75.1,28.3,طبيعي
2026-07-08 10:40:32,العدين,10,2,120.62,3.46,506.22,40.4,عطل
2026-07-08 10:44:31,بعدان,10,2,113.99,1.6,537.65,33.4,طبيعي
2026-07-08 10:47:34,السدة,10,2,86.95,2.23,506.38,33.4,طبيعي
2026-07-08 12:05:13,السدة,12,2,21.4,1.89,185.8,26.3,طبيعي
2026-07-08 13:37:44,بعدان,13,2,70.13,0.93,220.75,26.0,طبيعي
2026-07-08 13:38:38,النادرة,13,2,56.18,2.07,159.89,32.1,طبيعي
2026-07-08 13:57:41,المركز,13,2,29.1,0.08,80.87,29.9,طبيعي
2026-07-08 14:07:50,حبيش,14,2,53.22,1.35,239.49,26.2,طبيعي
2026-07-08 14:20:08,حبيش,14,2,41.37,2.07,136.42,31.7,طبيعي
2026-07-08 14:29:32,العدين,14,2,40.55,0.68,118.12,25.5,طبيعي
2026-07-08 14:37:46,النادرة,14,2,29.91,1.46,340.74,29.4,طبيعي
2026-07-08 14:58:34,العدين,14,2,49.33,1.0,205.42,30.0,طبيعي
2026-07-08 15:27:19,المركز,15,2,39.55,1.98,307.1,27.4,طبيعي
2026-07-08 15:51:40,السدة,15,2,22.37,1.19,120.46,28.2,طبيعي
2026-07-08 16:01:49,النادرة,16,2,55.58,1.5,367.43,26.1,طبيعي
2026-07-08 16:05:05,حبيش,16,2,27.84,1.98,236.69,32.0,طبيعي
2026-07-08 16:11:49,النادرة,16,2,48.01,0.09,70.21,30.4,طبيعي
2026-07-08 16:38:36,حبيش,16,2,78.86,1.21,102.08,28.7,طبيعي
2026-07-08 16:52:48,حبيش,16,2,37.15,0.51,256.06,28.0,طبيعي
2026-07-08 17:05:22,بعدان,17,2,49.54,1.44,185.29,29.1,طبيعي
2026-07-08 17:25:35,السدة,17,2,46.61,1.51,363.06,28.6,طبيعي
2026-07-08 17:35:35,بعدان,17,2,32.03,0.27,250.74,32.6,طبيعي
2026-07-08 17:53:38,النادرة,17,2,37.91,0.6,51.11,30.1,طبيعي
2026-07-08 18:07:39,بعدان,18,2,115.73,3.69,576.69,36.5,عطل
2026-07-08 18:54:20,بعدان,18,2,145.05,1.61,546.81,39.6,ازدحام
2026-07-08 19:17:00,السدة,19,2,100.96,2.76,538.51,33.3,طبيعي
2026-07-08 19:21:00,جبلة,19,2,117.0,4.28,466.68,39.3,عطل
2026-07-08 19:23:10,السدة,19,2,137.99,2.53,599.56,38.8,ازدحام
2026-07-08 19:55:22,بعدان,19,2,124.3,1.74,408.83,35.4,طبيعي
2026-07-08 20:05:16,العدين,20,2,59.51,1.92,313.7,31.2,طبيعي
2026-07-08 20:16:52,النادرة,20,2,43.95,1.81,295.01,25.8,طبيعي
2026-07-08 20:28:41,حبيش,20,2,23.96,0.87,192.64,28.3,طبيعي
2026-07-08 20:33:54,السدة,20,2,61.87,0.02,271.23,29.6,طبيعي
2026-07-08 21:02:26,السدة,21,2,24.61,1.25,232.9,27.4,طبيعي
2026-07-08 21:06:03,جبلة,21,2,28.71,1.78,134.78,28.8,طبيعي
2026-07-08 21:17:57,بعدان,21,2,44.08,0.73,123.89,31.9,طبيعي
2026-07-08 21:38:42,حبيش,21,2,55.0,2.11,143.16,25.2,طبيعي
2026-07-08 22:31:09,المركز,22,2,56.21,0.89,274.17,32.8,طبيعي
2026-07-08 22:32:05,المركز,22,2,63.19,2.17,315.86,26.5,طبيعي
2026-07-08 23:10:36,جبلة,23,2,24.31,1.71,255.05,30.0,طبيعي
2026-07-08 23:26:55,حبيش,23,2,38.19,0.72,212.11,26.9,طبيعي
2026-07-08 23:38:47,حبيش,23,2,66.52,0.68,232.06,26.1,طبيعي
2026-07-08 23:58:45,بعدان,23,2,69.43,1.8,105.52,32.1,طبيعي
2026-07-09 00:06:08,المركز,0,3,20.01,1.28,312.03,27.5,طبيعي
2026-07-09 00:26:17,جبلة,0,3,73.74,1.46,300.26,29.7,طبيعي
2026-07-09 01:10:33,المركز,1,3,24.96,2.33,169.13,32.5,طبيعي
2026-07-09 02:00:25,المركز,2,3,70.56,0.78,176.08,27.2,طبيعي
2026-07-09 02:01:44,النادرة,2,3,45.34,0.94,367.52,32.5,طبيعي
2026-07-09 02:22:06,النادرة,2,3,22.54,1.41,286.3,25.9,طبيعي
2026-07-09 02:35:48,النادرة,2,3,20.26,0.42,271.45,30.6,طبيعي
2026-07-09 03:07:44,العدين,3,3,36.71,0.32,356.43,26.5,طبيعي
2026-07-09 04:05:19,النادرة,4,3,26.32,1.95,295.89,27.4,طبيعي
2026-07-09 04:09:47,النادرة,4,3,49.91,0.96,399.81,25.8,طبيعي
2026-07-09 04:19:22,المركز,4,3,58.07,1.93,216.59,25.9,طبيعي
2026-07-09 06:03:49,المركز,6,3,44.99,2.06,68.32,31.1,طبيعي
2026-07-09 07:24:21,بعدان,7,3,72.19,1.83,301.88,28.0,طبيعي
2026-07-09 07:32:23,حبيش,7,3,56.47,0.74,125.51,30.4,طبيعي
2026-07-09 07:36:46,بعدان,7,3,78.48,0.13,94.0,30.9,طبيعي
2026-07-09 07:52:36,النادرة,7,3,73.41,0.72,299.62,26.6,طبيعي
2026-07-09 08:00:11,السدة,8,3,66.92,1.36,283.4,31.6,طبيعي
2026-07-09 08:20:02,بعدان,8,3,42.75,0.84,342.42,25.1,طبيعي
2026-07-09 08:39:11,حبيش,8,3,21.89,1.84,298.28,32.6,طبيعي
2026-07-09 09:23:38,حبيش,9,3,20.6,1.16,235.83,29.8,طبيعي
2026-07-09 10:22:24,النادرة,10,3,133.36,3.09,408.33,36.0,عطل
2026-07-09 10:25:46,بعدان,10,3,140.0,3.51,443.96,33.3,عطل
2026-07-09 11:07:28,جبلة,11,3,88.41,2.43,554.03,40.1,ازدحام
